radius_um,t_0.0s,t_31.3s,t_62.6s,t_93.9s,t_120.0s,steady_state
0.94,0,0.00738988,0.00788983,0.00789635,0.00789644,0.00789644
2.81,0,0.00739491,0.007895,0.00790153,0.00790161,0.00790161
4.69,0,0.00740499,0.00790534,0.00791187,0.00791195,0.00791195
6.56,0,0.00742011,0.00792086,0.0079274,0.00792748,0.00792748
8.44,0,0.00744029,0.00794157,0.00794811,0.00794819,0.00794819
10.31,0,0.00746554,0.00796748,0.00797403,0.00797411,0.00797412
12.19,0,0.00749588,0.00799862,0.00800517,0.00800526,0.00800526
14.06,0,0.00753133,0.00803499,0.00804156,0.00804164,0.00804164
15.94,0,0.00757192,0.00807663,0.00808321,0.00808329,0.00808329
17.81,0,0.00761766,0.00812355,0.00813015,0.00813023,0.00813023
19.69,0,0.00766861,0.0081758,0.00818241,0.0081825,0.0081825
21.56,0,0.00772478,0.0082334,0.00824003,0.00824012,0.00824012
23.44,0,0.00778621,0.0082964,0.00830305,0.00830313,0.00830313
25.31,0,0.00785296,0.00836482,0.00837149,0.00837157,0.00837157
27.19,0,0.00792506,0.00843872,0.00844541,0.00844549,0.00844549
29.06,0,0.00800256,0.00851813,0.00852485,0.00852493,0.00852493
30.94,0,0.00808551,0.00860311,0.00860985,0.00860994,0.00860994
32.81,0,0.00817396,0.00869372,0.00870048,0.00870056,0.00870057
34.69,0,0.00826797,0.00878999,0.00879678,0.00879687,0.00879687
36.56,0,0.00836761,0.008892,0.00889882,0.0088989,0.0088989
38.44,0,0.00847293,0.00899979,0.00900664,0.00900673,0.00900673
40.31,0,0.008584,0.00911344,0.00912032,0.00912041,0.00912041
42.19,0,0.00870088,0.00923301,0.00923992,0.00924001,0.00924001
44.06,0,0.00882365,0.00935856,0.00936551,0.00936559,0.0093656
45.94,0,0.00895238,0.00949017,0.00949715,0.00949723,0.00949724
47.81,0,0.00908715,0.0096279,0.00963492,0.00963501,0.00963501
49.69,0,0.00922803,0.00977184,0.00977889,0.00977898,0.00977898
51.56,0,0.0093751,0.00992205,0.00992914,0.00992923,0.00992923
53.44,0,0.00952844,0.0100786,0.0100858,0.0100858,0.0100858
55.31,0,0.00968814,0.0102416,0.0102488,0.0102489,0.0102489
57.19,0,0.00985429,0.0104112,0.0104184,0.0104184,0.0104185
59.06,0,0.010027,0.0105873,0.0105945,0.0105946,0.0105946
60.94,0,0.0102063,0.0107701,0.0107774,0.0107775,0.0107775
62.81,0,0.0103923,0.0109597,0.010967,0.0109671,0.0109671
64.69,0,0.0105851,0.0111561,0.0111635,0.0111636,0.0111636
66.56,0,0.0107848,0.0113595,0.0113669,0.011367,0.011367
68.44,0,0.0109915,0.01157,0.0115774,0.0115775,0.0115775
70.31,0,0.0112053,0.0117875,0.0117951,0.0117951,0.0117951
72.19,0,0.0114262,0.0120123,0.0120199,0.01202,0.01202
74.06,0,0.0116545,0.0122445,0.0122521,0.0122522,0.0122522
75.94,0,0.0118901,0.012484,0.0124917,0.0124917,0.0124917
77.81,0,0.0121333,0.0127311,0.0127387,0.0127388,0.0127388
79.69,0,0.0123839,0.0129857,0.0129934,0.0129935,0.0129935
81.56,0,0.0126423,0.013248,0.0132558,0.0132559,0.0132559
83.44,0,0.0129085,0.0135182,0.013526,0.0135261,0.0135261
85.31,0,0.0131825,0.0137962,0.0138041,0.0138042,0.0138042
87.19,0,0.0134645,0.0140822,0.0140902,0.0140903,0.0140903
89.06,0,0.0137547,0.0143764,0.0143843,0.0143844,0.0143844
90.94,0,0.014053,0.0146786,0.0146867,0.0146868,0.0146868
92.81,0,0.0143595,0.0149892,0.0149973,0.0149974,0.0149974
94.69,0,0.0146745,0.0153081,0.0153163,0.0153164,0.0153164
96.56,0,0.014998,0.0156356,0.0156437,0.0156438,0.0156438
98.44,0,0.01533,0.0159715,0.0159797,0.0159798,0.0159798
100.31,0,0.0156707,0.0163162,0.0163244,0.0163245,0.0163245
102.19,0,0.0160203,0.0166695,0.0166778,0.0166779,0.0166779
104.06,0,0.0163787,0.0170318,0.0170401,0.0170402,0.0170402
105.94,0,0.0167461,0.0174029,0.0174113,0.0174114,0.0174114
107.81,0,0.0171225,0.0177831,0.0177916,0.0177917,0.0177917
109.69,0,0.0175082,0.0181725,0.0181809,0.018181,0.018181
111.56,0,0.0179031,0.018571,0.0185795,0.0185796,0.0185796
113.44,0,0.0183073,0.0189788,0.0189874,0.0189875,0.0189875
115.31,0,0.018721,0.0193961,0.0194047,0.0194048,0.0194048
117.19,0,0.0191443,0.0198228,0.0198314,0.0198315,0.0198315
119.06,0,0.0195772,0.020259,0.0202677,0.0202678,0.0202678
120.94,0,0.0200198,0.020705,0.0207137,0.0207138,0.0207138
122.81,0,0.0204723,0.0211606,0.0211693,0.0211694,0.0211694
124.69,0,0.0209346,0.0216261,0.0216348,0.0216349,0.0216349
126.56,0,0.0214069,0.0221014,0.0221102,0.0221103,0.0221103
128.44,0,0.0218893,0.0225868,0.0225956,0.0225957,0.0225957
130.31,0,0.0223819,0.0230821,0.023091,0.0230911,0.0230911
132.19,0,0.0228846,0.0235877,0.0235966,0.0235967,0.0235967
134.06,0,0.0233977,0.0241034,0.0241123,0.0241124,0.0241124
135.94,0,0.0239211,0.0246294,0.0246383,0.0246385,0.0246385
137.81,0,0.0244551,0.0251658,0.0251747,0.0251748,0.0251748
139.69,0,0.0249995,0.0257125,0.0257215,0.0257217,0.0257217
141.56,0,0.0255546,0.0262698,0.0262788,0.026279,0.026279
143.44,0,0.0261203,0.0268377,0.0268467,0.0268468,0.0268468
145.31,0,0.0266968,0.0274161,0.0274252,0.0274253,0.0274253
147.19,0,0.0272841,0.0280053,0.0280144,0.0280145,0.0280145
149.06,0,0.0278823,0.0286053,0.0286144,0.0286145,0.0286145
150.94,0,0.0284915,0.029216,0.0292251,0.0292252,0.0292252
152.81,0,0.0291117,0.0298377,0.0298468,0.0298469,0.0298469
154.69,0,0.0297429,0.0304702,0.0304794,0.0304795,0.0304795
156.56,0,0.0303853,0.0311138,0.031123,0.0311231,0.0311231
158.44,0,0.0310388,0.0317685,0.0317777,0.0317778,0.0317778
160.31,0,0.0317037,0.0324343,0.0324434,0.0324435,0.0324436
162.19,0,0.0323798,0.0331112,0.0331204,0.0331205,0.0331205
164.06,0,0.0330673,0.0337994,0.0338085,0.0338087,0.0338087
165.94,0,0.0337662,0.0344988,0.034508,0.0345081,0.0345081
167.81,0,0.0344766,0.0352096,0.0352188,0.0352189,0.0352189
169.69,0,0.0351985,0.0359317,0.0359409,0.035941,0.035941
171.56,0,0.0359319,0.0366653,0.0366744,0.0366746,0.0366746
173.44,0,0.036677,0.0374103,0.0374195,0.0374196,0.0374196
175.31,0,0.0374337,0.0381668,0.038176,0.0381761,0.0381761
177.19,0,0.0382021,0.0389349,0.0389441,0.0389442,0.0389442
179.06,0,0.0389823,0.0397146,0.0397237,0.0397239,0.0397239
180.94,0,0.0397742,0.0405059,0.0405151,0.0405152,0.0405152
182.81,0,0.040578,0.0413089,0.041318,0.0413182,0.0413182
184.69,0,0.0413937,0.0421236,0.0421327,0.0421329,0.0421329
186.56,0,0.0422212,0.0429501,0.0429592,0.0429593,0.0429593
188.44,0,0.0430607,0.0437884,0.0437974,0.0437975,0.0437976
190.31,0,0.0439121,0.0446384,0.0446475,0.0446476,0.0446476
192.19,0,0.0447756,0.0455004,0.0455094,0.0455095,0.0455095
194.06,0,0.0456511,0.0463742,0.0463832,0.0463833,0.0463833
195.94,0,0.0465387,0.04726,0.0472689,0.0472691,0.0472691
197.81,0,0.0474384,0.0481577,0.0481666,0.0481667,0.0481667
199.69,0,0.0483502,0.0490674,0.0490763,0.0490764,0.0490764
201.56,0,0.0492741,0.0499891,0.049998,0.0499981,0.0499981
203.44,0,0.0502103,0.0509228,0.0509317,0.0509318,0.0509318
205.31,0,0.0511586,0.0518686,0.0518774,0.0518775,0.0518775
207.19,0,0.0521192,0.0528265,0.0528353,0.0528354,0.0528354
209.06,0,0.0530921,0.0537965,0.0538053,0.0538054,0.0538054
210.94,0,0.0540772,0.0547787,0.0547874,0.0547875,0.0547875
212.81,0,0.0550747,0.055773,0.0557817,0.0557818,0.0557818
214.69,0,0.0560845,0.0567795,0.0567881,0.0567882,0.0567882
216.56,0,0.0571066,0.0577982,0.0578068,0.0578069,0.0578069
218.44,0,0.0581411,0.0588291,0.0588377,0.0588378,0.0588378
220.31,0,0.059188,0.0598723,0.0598808,0.0598809,0.0598809
222.19,0,0.0602473,0.0609278,0.0609362,0.0609363,0.0609363
224.06,0,0.061319,0.0619955,0.0620039,0.062004,0.062004
225.94,0,0.0624031,0.0630756,0.0630839,0.063084,0.063084
227.81,0,0.0634997,0.0641679,0.0641762,0.0641763,0.0641763
229.69,0,0.0646088,0.0652726,0.0652809,0.065281,0.065281
231.56,0,0.0657304,0.0663897,0.0663978,0.0663979,0.0663979
233.44,0,0.0668644,0.0675191,0.0675272,0.0675273,0.0675273
235.31,0,0.068011,0.0686609,0.0686689,0.068669,0.068669
237.19,0,0.06917,0.0698151,0.0698231,0.0698232,0.0698232
239.06,0,0.0703417,0.0709817,0.0709896,0.0709897,0.0709897
240.94,0,0.0715258,0.0721607,0.0721686,0.0721687,0.0721687
242.81,0,0.0727225,0.0733522,0.07336,0.0733601,0.0733601
244.69,0,0.0739318,0.0745561,0.0745638,0.0745639,0.0745639
246.56,0,0.0751536,0.0757724,0.0757801,0.0757802,0.0757802
248.44,0,0.0763881,0.0770013,0.0770088,0.0770089,0.0770089
250.31,0,0.0776351,0.0782426,0.0782501,0.0782501,0.0782502
252.19,0,0.0788947,0.0794963,0.0795038,0.0795039,0.0795039
254.06,0,0.0801669,0.0807626,0.08077,0.0807701,0.0807701
255.94,0,0.0814517,0.0820414,0.0820487,0.0820488,0.0820488
257.81,0,0.0827492,0.0833327,0.0833399,0.08334,0.08334
259.69,0,0.0840592,0.0846365,0.0846436,0.0846437,0.0846437
261.56,0,0.0853819,0.0859528,0.0859599,0.08596,0.08596
263.44,0,0.0867172,0.0872817,0.0872887,0.0872887,0.0872887
265.31,0,0.0880652,0.0886231,0.08863,0.0886301,0.0886301
267.19,0,0.0894258,0.0899771,0.0899839,0.0899839,0.0899839
269.06,0,0.090799,0.0913436,0.0913503,0.0913504,0.0913504
270.94,0,0.0921849,0.0927226,0.0927293,0.0927293,0.0927293
272.81,0,0.0935834,0.0941142,0.0941208,0.0941209,0.0941209
274.69,0,0.0949946,0.0955184,0.0955249,0.095525,0.095525
276.56,0,0.0964184,0.0969352,0.0969416,0.0969416,0.0969416
278.44,0,0.0978549,0.0983645,0.0983708,0.0983709,0.0983709
280.31,0,0.0993041,0.0998065,0.0998126,0.0998127,0.0998127
282.19,0,0.100766,0.101261,0.101267,0.101267,0.101267
284.06,0,0.10224,0.102728,0.102734,0.102734,0.102734
285.94,0,0.103727,0.104208,0.104214,0.104214,0.104214
287.81,0,0.105227,0.1057,0.105706,0.105706,0.105706
289.69,0,0.10674,0.107205,0.107211,0.107211,0.107211
291.56,0,0.108265,0.108722,0.108728,0.108728,0.108728
293.44,0,0.109803,0.110252,0.110258,0.110258,0.110258
295.31,0,0.111353,0.111795,0.1118,0.111801,0.111801
297.19,0,0.112916,0.11335,0.113356,0.113356,0.113356
299.06,0,0.114492,0.114918,0.114923,0.114923,0.114923
