time_s,core_oxygen_mol_m3,surface_oxygen_mol_m3,volume_mean_oxygen_mol_m3
0.0000,0,0.00185759,0
5.2174,0.000759096,0.0897146,0.0406193
10.4348,0.00250212,0.105934,0.0559306
15.6522,0.00447196,0.1115,0.062538
20.8696,0.00597124,0.113792,0.0655561
26.0870,0.00688917,0.114813,0.0669725
31.3043,0.00738988,0.115286,0.067646
36.5217,0.00764698,0.115509,0.0679683
41.7391,0.00777493,0.115615,0.0681231
46.9565,0.00783758,0.115666,0.0681975
52.1739,0.00786801,0.115691,0.0682334
57.3913,0.00788273,0.115703,0.0682506
62.6087,0.00788983,0.115708,0.0682589
67.8261,0.00789325,0.115711,0.0682629
73.0435,0.0078949,0.115712,0.0682648
78.2609,0.0078957,0.115713,0.0682658
83.4783,0.00789608,0.115713,0.0682662
88.6957,0.00789627,0.115713,0.0682664
93.9130,0.00789635,0.115714,0.0682665
99.1304,0.0078964,0.115714,0.0682666
104.3478,0.00789642,0.115714,0.0682666
109.5652,0.00789643,0.115714,0.0682666
114.7826,0.00789643,0.115714,0.0682666
120.0000,0.00789644,0.115714,0.0682666
