retrieval_date	accession	type	title_or_description	access_url	access_note
2026-10-01	PMC12874418	PMCID	Genotype-to-Phenotype Mapping of Somatic Clonal Mosaicism via Single-Cell Co-Capture of DNA Mutations and mRNA Transcripts	https://pmc.ncbi.nlm.nih.gov/articles/PMC12874418/	Published scG2P study; full text is not in Europe PMC's open-access XML subset
2026-10-01	EGAS50000001429	EGA study	Single-cell genotype-to-phenotype (scG2P) data of single nuclei from cell line mixing experiment and six donors	https://www.ega-archive.org/datasets/EGAD50000002066	Controlled access; dataset EGAD50000002066; DAC EGAC50000000833
2026-10-01	10.1158/2159-8290.31911152	Figshare DOI	Supplementary Tables S1-S14 for the scG2P study	https://aacr.figshare.com/articles/dataset/Supplementary_Tables_S1-S14_from_Genotype-to-Phenotype_Mapping_of_Somatic_Clonal_Mosaicism_via_Single-Cell_Co-Capture_of_DNA_Mutations_and_mRNA_Transcripts/31911152	Public CC BY workbook; retrieved 723751 bytes; SHA-256 5C6B51B0474678265EC357360D89CB89819A6F0F06CD748C5F064045B9E73625
2026-10-01	PMC12632828	PMCID	Large-scale single-cell phylogenetic mapping of clonal evolution in the human aging esophagus	https://pmc.ncbi.nlm.nih.gov/articles/PMC12632828/	2025 bioRxiv preprint; 2026 fullTextXML retrieved through Europe PMC
2026-10-01	EGAS50000001793	EGA study	Large-scale single-cell whole genome and transcriptome sequencing of normal esophagus epithelium	https://www.ega-archive.org/datasets/EGAD50000002573	Controlled access; dataset EGAD50000002573; DAC EGAC50000000968; EGA page currently lists five samples
2026-10-01	2CNE84KS0anV4	iTOL shared project	Public SMART-PTA phylogenies and annotations	https://itol.embl.de/shared/2CNE84KS0anV4	Current project lists donor/tree labels eso01-eso05; paper itself reports four donors
2026-10-01	PMC11871533	PMCID	Adenine base editing rescues pathogenic phenotypes in tissue engineered vascular model of Hutchinson-Gilford progeria syndrome	https://pmc.ncbi.nlm.nih.gov/articles/PMC11871533/	Human iPSC-derived engineered vessel model; in vitro
2026-10-01	33408413	PMID	In vivo base editing rescues Hutchinson-Gilford progeria syndrome in mice	https://pubmed.ncbi.nlm.nih.gov/33408413/	2021 monogenic mouse proof-of-principle
2026-10-01	42689491	PMID	In Vivo Base Editing Partially Rescues Bone Dysplasia in a Mouse Model of Hutchinson-Gilford Progeria Syndrome	https://pubmed.ncbi.nlm.nih.gov/42689491/	2026 monogenic mouse study; age-dependent bone correction
2026-10-01	PMC7614988	PMCID	The effect of age on the acquisition and selection of cancer driver mutations in sun-exposed normal skin	https://pmc.ncbi.nlm.nih.gov/articles/PMC7614988/	123-donor targeted skin study; public Supplementary Datasets S1-S2; raw sequencing under EGA
2026-10-01	PMC7614988-S1-S2	Publisher supplementary XLSX	Supplementary Datasets S1-S2 for The effect of age on the acquisition and selection of cancer driver mutations in sun-exposed normal skin	https://ars.els-cdn.com/content/image/1-s2.0-S0923753420431990-mmc2.xlsx	Retrieved 488802 bytes; SHA-256 17F6A04FB38486D62E66A1D5EC0112E5B72C8046302697E8CF73ED95F87D0F14; S1 5214 calls and S2 123 donor records
2026-10-01	PMC7614988-SupplementaryMethods	Publisher supplementary PDF	Supplementary Material for The effect of age on the acquisition and selection of cancer driver mutations in sun-exposed normal skin	https://ars.els-cdn.com/content/image/1-s2.0-S0923753420431990-mmc1.pdf	Retrieved 2470248 bytes; SHA-256 FEDB841F0C7C1D68315BEE0955B3C9BE050C76E94C73573F673AA30AEF79F6AB; 30 pages; model terms, relaimpo, AIC selection and bootstrap methods
2026-10-01	EGAS00001004279	EGA study	Ultra-deep targeted sequencing for studying accumulation of somatic mutations in cancer-free human skin	https://ega-archive.org/studies/EGAS00001004279	Raw sequencing controlled-access; published somatic calls and donor metadata are in Supplementary Datasets S1-S2
2026-10-01	PMC6994209	PMCID	Single-cell analysis reveals different age-related somatic mutation profiles between stem and differentiated cells in human liver	https://pmc.ncbi.nlm.nih.gov/articles/PMC6994209/	48 single hepatocytes from 12 donors; open supplementary tables; raw data controlled through dbGaP
2026-10-01	phs001956.v1.p1	dbGaP study	Single-cell analysis of age-related somatic mutation profiles in human liver	https://www.ncbi.nlm.nih.gov/projects/gap/cgi-bin/study.cgi?study_id=phs001956.v1.p1	Authorized access; 15 consented subjects listed in dbGaP study metadata
2026-10-01	41062696	PMID	Somatic mutation and selection at population scale	https://pubmed.ncbi.nlm.nih.gov/41062696/	2025 targeted NanoSeq study of oral epithelium and matched blood; anonymized mutation calls in public Supplementary Tables 8-9
2026-10-01	PMC12611758	PMCID	Somatic mutation and selection at population scale	https://pmc.ncbi.nlm.nih.gov/articles/PMC12611758/	Open article; raw NanoSeq sequencing is controlled via TwinsUK DAC EGAC00001000274
2026-10-01	EGAD00001015618	EGA dataset	TwinsUK targeted NanoSeq buccal swabs	https://ega-archive.org/datasets/EGAD00001015618	Controlled access; TwinsUK DAC EGAC00001000274; public anonymized mutation calls in Supplementary Table 8
2026-10-01	EGAD00001015619	EGA dataset	TwinsUK targeted NanoSeq blood	https://ega-archive.org/datasets/EGAD00001015619	Controlled access; TwinsUK DAC EGAC00001000274; public anonymized mutation calls in Supplementary Table 9
2026-10-01	PMC12611758/supplementaryFiles	Europe PMC supplementary ZIP	NanoSeq article supplements and code	https://www.ebi.ac.uk/europepmc/webservices/rest/PMC12611758/supplementaryFiles	Retrieved 68429726 bytes; SHA-256 466CFF062FF284CA543D2758017119FEA5B023E3DFBF05B118487D036D12DD2A
2026-10-01	MOESM6	Springer supplementary XLSX	NanoSeq Supplementary Table 4: site-level amino-acid replacements under selection	https://media.springernature.com/original/springer-static/esm/art%3A10.1038%2Fs41586-025-09584-w/MediaObjects/41586_2025_9584_MOESM6_ESM.xlsx	Retrieved 220995 bytes; SHA-256 C37134557DE188F8BFB2CAC998D4DB4B2D73AB1685266AFF4CEB867B5F48B1B6
2026-10-01	MOESM10	Springer supplementary XLSX	NanoSeq Supplementary Table 8: oral epithelium mutation calls	https://www.ebi.ac.uk/europepmc/webservices/rest/PMC12611758/supplementaryFiles	Extracted from Europe PMC ZIP; 46876574 bytes; SHA-256 8B79B04D2951F45F70A90A6AD040EB433502A92DB201E161DE6EEE8ACBE15389; no participant/sample identifiers
2026-10-01	MOESM11	Springer supplementary XLSX	NanoSeq Supplementary Table 9: blood mutation calls	https://media.springernature.com/original/springer-static/esm/art%3A10.1038%2Fs41586-025-09584-w/MediaObjects/41586_2025_9584_MOESM11_ESM.xlsx	Retrieved 12921435 bytes; SHA-256 F9705B1E49538257C23EDBD13819C7BB90C82A39F46E0EA242C230FEF435AA55
2026-10-01	EGAS00001005458	EGA study	A body map of somatic mutagenesis in morphologically normal human tissues	https://ega-archive.org/studies/EGAS00001005458	Five donors, nine organs; raw WGS/WES through dataset EGAD00001007859 under DAC EGAC00001002218
2026-10-01	EGAD00001007859	EGA dataset	Raw WES and WGS for the normal-tissue body map	https://ega-archive.org/datasets/EGAD00001007859	Controlled access; EGA catalog lists 1792 samples; paper reports 1737 analyzed tissue biopsies
2026-10-01	MOESM5	Springer supplementary XLSX	Body-map Supplementary Table 3: coding somatic mutations and figure summaries	https://media.springernature.com/original/springer-static/esm/art%3A10.1038%2Fs41586-021-03836-1/MediaObjects/41586_2021_3836_MOESM5_ESM.xlsx	Retrieved 6580184 bytes; SHA-256 6276DEB0F16AD45871347CA3E705907384A4D66D0EB40833BE18B0A853D837A2
2026-10-02	S41586-021-03836-1-MOESM10	Springer supplementary XLSX	Body-map Supplementary Table 8: prior driver-gene candidates	https://media.springernature.com/original/springer-static/esm/art%3A10.1038%2Fs41586-021-03836-1/MediaObjects/41586_2021_3836_MOESM10_ESM.xlsx	Retrieved 11544 bytes; SHA-256 4F43613019ADCF46768A9FF4253BDD640EFBDAAC8EDA1CE9B02D55D488186A3C; 126-gene candidate list
2026-10-02	S41586-021-03836-1-MOESM11	Springer supplementary XLSX	Body-map Supplementary Table 9: cancer hotspots in normal tissues	https://media.springernature.com/original/springer-static/esm/art%3A10.1038%2Fs41586-021-03836-1/MediaObjects/41586_2021_3836_MOESM11_ESM.xlsx	Retrieved 11338 bytes; SHA-256 8FECFE53D9FC9EB2FE5AF3B40935D81907EC58A9B6625DBD40E32C4EAD042C42
2026-10-02	S41586-021-03836-1-MOESM12	Springer supplementary XLSX	Body-map Supplementary Table 10: driver-gene enrichment p-values	https://media.springernature.com/original/springer-static/esm/art%3A10.1038%2Fs41586-021-03836-1/MediaObjects/41586_2021_3836_MOESM12_ESM.xlsx	Retrieved 12413 bytes; SHA-256 25882DE72D6BDBE3BBC901FB88AADC781E105D19BEDF2FA8D5030CF2870EDA23
2026-10-02	Ensembl-GRCh37-overlap-60-loci	Ensembl REST API	GRCh37 gene overlaps for date-coerced body-map S3 loci	https://grch37.rest.ensembl.org/overlap/region/human/	60 unique loci queried with feature=gene; date 2021-03-01 maps to both MARC1 and MARCH1 at different coordinates; source workbook unchanged
