group,group_role,edited_fraction,week,vasodilation_percent_diameter_change,source_cell,source_position,donor_group,donor_id_at_observation_level,tebv_id_at_observation_level
Healthy,healthy_control,,3,2.40019365,B2,B,healthy donor 168,,
Healthy,healthy_control,,3,2.99743332,C2,C,healthy donor 168,,
Healthy,healthy_control,,3,2.32055501,D2,D,healthy donor 168,,
Healthy,healthy_control,,3,5.8578511,E2,E,healthy donor 168,,
75:25,intervention,0.75,3,2.37693845,B3,B,HGPS donor 003,,
75:25,intervention,0.75,3,2.71660638,C3,C,HGPS donor 003,,
75:25,intervention,0.75,3,1.55339712,D3,D,HGPS donor 003,,
75:25,intervention,0.75,3,1.67525909,E3,E,HGPS donor 003,,
75:25,intervention,0.75,5,0.474706,F3,F,HGPS donor 003,,
75:25,intervention,0.75,5,1.069222,G3,G,HGPS donor 003,,
75:25,intervention,0.75,5,2.571783,H3,H,HGPS donor 003,,
75:25,intervention,0.75,5,1.557769,I3,I,HGPS donor 003,,
50:50,intervention,0.5,3,2.36181475,B4,B,HGPS donor 003,,
50:50,intervention,0.5,3,2.22216887,C4,C,HGPS donor 003,,
50:50,intervention,0.5,3,2.11285259,D4,D,HGPS donor 003,,
50:50,intervention,0.5,5,1.071343,F4,F,HGPS donor 003,,
50:50,intervention,0.5,5,1.08564,G4,G,HGPS donor 003,,
50:50,intervention,0.5,5,1.626659,H4,H,HGPS donor 003,,
50:50,intervention,0.5,5,2.403768,I4,I,HGPS donor 003,,
25:75,intervention,0.25,3,2.32067092,B5,B,HGPS donor 003,,
25:75,intervention,0.25,3,0.85522916,C5,C,HGPS donor 003,,
25:75,intervention,0.25,3,1.34316889,D5,D,HGPS donor 003,,
25:75,intervention,0.25,3,0.43685082,E5,E,HGPS donor 003,,
25:75,intervention,0.25,5,3.772912,F5,F,HGPS donor 003,,
25:75,intervention,0.25,5,3.202024,G5,G,HGPS donor 003,,
25:75,intervention,0.25,5,1.668042,H5,H,HGPS donor 003,,
25:75,intervention,0.25,5,1.485232,I5,I,HGPS donor 003,,
HGPS,disease_control,0.0,3,1.7148986,B6,B,HGPS donor 003,,
HGPS,disease_control,0.0,3,1.54358357,C6,C,HGPS donor 003,,
HGPS,disease_control,0.0,3,0.79865554,D6,D,HGPS donor 003,,
HGPS,disease_control,0.0,3,0.84855317,E6,E,HGPS donor 003,,
HGPS,disease_control,0.0,5,-0.50361,F6,F,HGPS donor 003,,
HGPS,disease_control,0.0,5,0.387059,G6,G,HGPS donor 003,,
HGPS,disease_control,0.0,5,0.624791,H6,H,HGPS donor 003,,
HGPS,disease_control,0.0,5,-0.23964,I6,I,HGPS donor 003,,
