gene,p_value,bh_q_value
KMT2D,0.000321026892050933,0.012018042680876891
APOB,0.0072389182783176,0.13898723094369794
AMER1,0.0129143943254379,0.21878503327800677
NOTCH2,0.0191901898676289,0.2908828779935328
ARHGAP35,0.0283901901285021,0.36380081424930316
PTCH1,0.0283901901285021,0.36380081424930316
ZNF750,0.0412747571199707,0.45719730963659855
NF1,0.064752739769059,0.5651148198026967
FAT1,0.0922943687839737,0.7383549502717895
ARID2,0.12525545325476,0.9493044878255495
EP300,0.19910004933521,1.0
NOTCH3,0.248833124628336,1.0
BNC2,0.319904755715792,1.0
ERBB2,0.319904755715792,1.0
RP1L1,0.364148596774325,1.0
SMARCA4,0.528531498113832,1.0
CHEK2,0.537558089967051,1.0
MUC6,0.582673382897184,1.0
BCOR,0.654205826600432,1.0
PAX9,0.660541035022596,1.0
CREBBP,0.750913925450933,1.0
SETD2,0.750913925450933,1.0
ERBB3,0.866042109235337,1.0
MACF1,0.866042109235337,1.0
RBM10,0.885312153846495,1.0
ZFHX3,0.915959529332046,1.0
ARID1A,0.928069951601455,1.0
TP53,0.928069951601455,1.0
NOTCH1,1.0,1.0
SETBP1,1.0,1.0
STAG2,1.0,1.0
ZFP36L2,1.0,1.0
